{"0": 0.4782904818661672, "1": 0.7915271058181367, "2": 0.9093415007656968, "3": 0.9143356643356644, "4": 0.9180511899416255, "5": 0.9267605633802817, "6": 0.6920857017927415, "7": 0.533800597213006, "8": 0.43231524930709914, "9": 0.39285302593659943, "10": 0.42047255268323835, "11": 0.47815540311432225, "12": 0.4936484412216165, "13": 0.4846941400421876, "14": 0.47532674693835547, "15": 0.49118300286318267, "16": 0.5767833704709868, "17": 0.5507519905632556, "18": 0.4027950802962694, "19": 0.32930138791967123, "20": 0.31916904597814316, "21": 0.324022822106787, "22": 0.3217869140581548, "23": 0.32015685567474983}